mutation,NAD,NADP
SM038,0.0004816589715498724,0.02469376954607823
SM074,0.0004898295588880697,0.0010221250548368577
SM075,1.1053329555859672e-05,0.0002006878727898465
SM078,2.4825743215312895e-05,0.1020259581599674
SM079,2.0744960114408255e-05,0.07969066099201844
SM080,0.0002714872294861824,0.10862805426914998
SM081,3.364975007916243e-05,0.002955951074921518
SM082,9.374558272375169e-06,0.0009203508533669137
SM083,2.752600842822946e-05,0.00551209850196699
SM084,3.3850434517763116e-06,0.00044083525741092693
SM085,0.00013823619706523338,0.0024560121272885864
SM086,0.001344144790048944,0.010945705227258901
SM087,0.000981821034932838,0.020736505399882865
SM088,0.0026872962235545425,0.07739348807920458
SM089,0.0005566599911241814,0.142065141998287
SM090,0.0025354583626201015,0.07593052645172403
SM091,0.002126024163178818,0.12769442508837572
SM092,0.0016199291180112234,0.0014578875536006078
SM093,0.0008131811307702624,0.0007469507182612718
SM094,0.0020084853740168886,0.003435984236248159
SM095,0.0018846915458736791,0.002518929916309137
SM096,0.005120957795892031,0.0019857293009744276
SM097,0.0036659386732543265,0.0009438471902806497
SM098,0.00013111802777117495,0.003542470252646646
SM099,3.0938004087090857e-06,0.0002800863805888324
SM100,9.90647140322952e-07,2.8928348758388066e-05
SM101,2.0063688772334592e-05,0.004259840936157015
SM102,8.596105548175748e-07,6.031131401287164e-06
SM103,1.3083533956840379e-05,5.987270740764315e-06
SM104,5.763219182276313e-06,4.7669710051661755e-05
SM105,2.209383379617901e-06,0.010050371038432319
SM106,1.4693907473082635e-05,1.0760194132401725e-05
SM107,0.005021063780228177,0.0036123833236592247
SM108,0.006215445297266635,0.0051226021773771524
SM109,0.005646902823047801,0.01832372217889325
SM110,0.009409608204210013,0.017841351667377985
SM111,0.0006914010838642777,0.003108592134630776
SM112,0.0015003681986799897,0.016489464161363505
SM113,0.0007570060475201574,0.006497793885017173
SM114,0.0008819933409156572,0.00037733975283929007
SM115,0.0012272088754354481,0.004376457634000647
SM116,0.0038234815746755516,0.0014188468057473235
SM117,0.0042987959749028835,0.0010045371397683202
SM118,0.0043966132631069145,0.000474098741829551
SM121,0.01585595719206931,0.06579666064680277
SM122,0.014264651502612316,0.05482160262310523
SM123,0.015435181252093293,0.0020735033880994983
SM124,0.017831687827037895,0.0018923551209930893
SM125,0.016830495116628076,0.046988564051240765
SM126,0.018281271674257152,0.053262442222901045
SM127,0.0028885502211410427,0.03066482701347654
SM128,0.007570926076252171,0.10780345250804484
SM129,0.01831358576827203,0.05630659349208834
SM130,0.010601692430449155,0.03532217142596325
SM140,0.0004050684027129786,0.015123945754534698
SM141,0.00026448159062880135,0.0017877991337355468
SM142,0.00046253603738153617,0.009113877373893749
SM143,0.00036105298074186527,0.00883540953279134
SM144,0.00021521424865034028,0.00415640684420851
SM145,0.0009669580780171973,0.014214416757362893
SM146,0.0004564164666503834,0.0014697990865047287
SM147,0.006657470225987284,0.004389205972313558
SM148,0.00020960690283681953,0.0002818973958546918
SM149,2.337425550201641e-05,0.00012111553290926719
SM150,0.0015670408357023587,0.018921195494138458
WT,,0.1369537243767705
